<metadata xml:lang="en"><Esri><CreaDate>20120712</CreaDate><CreaTime>10215600</CreaTime><ArcGISFormat>1.0</ArcGISFormat><SyncOnce>FALSE</SyncOnce><DataProperties><lineage><Process ToolSource="c:\program files (x86)\arcgis\desktop10.0\ArcToolbox\Toolboxes\Data Management Tools.tbx\DeleteField" Date="20120712" Time="102156">DeleteField USA_Counties_3141 OBJECTID_1;FIPSN_1;B_AllC_CY;B_AllR_CY;B_BldC_CY;B_BldR_CY;B_BonC_CY;B_BonR_CY;B_BraC_CY;B_BraR_CY;B_BrsC_CY;B_BrsR_CY;B_CerC_CY;B_CerR_CY;B_ColC_CY;B_ColR_CY;B_CorC_CY;B_CorR_CY;B_EsoC_CY;B_EsoR_CY;B_EyeC_CY;B_EyeR_CY;B_HodC_CY;B_HodR_CY;B_KidC_CY;B_KidR_CY;B_LarC_CY;B_LarR_CY;B_LeuC_CY;B_LeuR_CY;B_LivC_CY;B_LivR_CY;B_LunC_CY;B_LunR_CY;B_LymC_CY;B_LymR_CY;B_MelC_CY;B_MelR_CY;B_MyeC_CY;B_MyeR_CY;B_NHLC_CY;B_NHLR_CY;B_OraC_CY;B_OraR_CY;B_OvaC_CY;B_OvaR_CY;B_PanC_CY;B_PanR_CY;B_ProC_CY;B_ProR_CY;B_SmIC_CY;B_SmIR_CY;B_SofC_CY;B_SofR_CY;B_StoC_CY;B_StoR_CY;B_TesC_CY;B_TesR_CY;B_ThyC_CY;B_ThyR_CY;B_VulC_CY;B_VulR_CY;F_AllC_CY;F_AllR_CY;F_BldC_CY;F_BldR_CY;F_BonC_CY;F_BonR_CY;F_BraC_CY;F_BraR_CY;F_BrsC_CY;F_BrsR_CY;F_CerC_CY;F_CerR_CY;F_ColC_CY;F_ColR_CY;F_CorC_CY;F_CorR_CY;F_EsoC_CY;F_EsoR_CY;F_EyeC_CY;F_EyeR_CY;F_HodC_CY;F_HodR_CY;F_KidC_CY;F_KidR_CY;F_LarC_CY;F_LarR_CY;F_LeuC_CY;F_LeuR_CY;F_LivC_CY;F_LivR_CY;F_LunC_CY;F_LunR_CY;F_LymC_CY;F_LymR_CY;F_MelC_CY;F_MelR_CY;F_MyeC_CY;F_MyeR_CY;F_NHLC_CY;F_NHLR_CY;F_OraC_CY;F_OraR_CY;F_OvaC_CY;F_OvaR_CY;F_PanC_CY;F_PanR_CY;F_ProC_CY;F_ProR_CY;F_SmIC_CY;F_SmIR_CY;F_SofC_CY;F_SofR_CY;F_StoC_CY;F_StoR_CY;F_TesC_CY;F_TesR_CY;F_ThyC_CY;F_ThyR_CY;F_VulC_CY;F_VulR_CY;M_AllC_CY;M_AllR_CY;M_BldC_CY;M_BldR_CY;M_BonC_CY;M_BonR_CY;M_BraC_CY;M_BraR_CY;M_BrsC_CY;M_BrsR_CY;M_CerC_CY;M_CerR_CY;M_ColC_CY;M_ColR_CY;M_CorC_CY;M_CorR_CY;M_EsoC_CY;M_EsoR_CY;M_EyeC_CY;M_EyeR_CY;M_HodC_CY;M_HodR_CY;M_KidC_CY;M_KidR_CY;M_LarC_CY;M_LarR_CY;M_LeuC_CY;M_LeuR_CY;M_LivC_CY;M_LivR_CY;M_LunC_CY;M_LunR_CY;M_LymC_CY;M_LymR_CY;M_MelC_CY;M_MelR_CY;M_MyeC_CY;M_MyeR_CY;M_NHLC_CY;M_NHLR_CY;M_OraC_CY;M_OraR_CY;M_OvaC_CY;M_OvaR_CY;M_PanC_CY;M_PanR_CY;M_ProC_CY;M_ProR_CY;M_SmIC_CY;M_SmIR_CY;M_SofC_CY;M_SofR_CY;M_StoC_CY;M_StoR_CY;M_TesC_CY;M_TesR_CY;M_ThyC_CY;M_ThyR_CY;M_VulC_CY;M_VulR_CY</Process><Process ToolSource="c:\program files (x86)\arcgis\desktop10.1\ArcToolbox\Toolboxes\Conversion Tools.tbx\FeatureClassToFeatureClass" Date="20130923" Time="134740">FeatureClassToFeatureClass \\NFSE\srab\gis\Projects\ArcGIS_Server\Public_Demographics\Demographics.gdb\USA_Counties_3141 \\NFSE\srab\gis\Projects\ArcGIS_Server\Public_Demographics\Demographics.gdb USA_Counties_3141_combined_name # "FIPS "FIPS" true true false 5 Text 0 0 ,First,#,\\NFSE\srab\gis\Projects\ArcGIS_Server\Public_Demographics\Demographics.gdb\USA_Counties_3141,FIPS,-1,-1;State_Name "State_Name" true true false 40 Text 0 0 ,First,#,\\NFSE\srab\gis\Projects\ArcGIS_Server\Public_Demographics\Demographics.gdb\USA_Counties_3141,State_Name,-1,-1;Cnty_Name "Cnty_Name" true true false 90 Text 0 0 ,First,#,\\NFSE\srab\gis\Projects\ArcGIS_Server\Public_Demographics\Demographics.gdb\USA_Counties_3141,Cnty_Name,-1,-1;FIPSN "FIPSN" true true false 4 Long 0 0 ,First,#,\\NFSE\srab\gis\Projects\ArcGIS_Server\Public_Demographics\Demographics.gdb\USA_Counties_3141,FIPSN,-1,-1;StateFIPS "StateFIPS" true true false 8 Double 0 0 ,First,#,\\NFSE\srab\gis\Projects\ArcGIS_Server\Public_Demographics\Demographics.gdb\USA_Counties_3141,StateFIPS,-1,-1;Shape_Length "Shape_Length" false true true 8 Double 0 0 ,First,#,\\NFSE\srab\gis\Projects\ArcGIS_Server\Public_Demographics\Demographics.gdb\USA_Counties_3141,Shape_Length,-1,-1;Shape_Area "Shape_Area" false true true 8 Double 0 0 ,First,#,\\NFSE\srab\gis\Projects\ArcGIS_Server\Public_Demographics\Demographics.gdb\USA_Counties_3141,Shape_Area,-1,-1" #</Process><Process ToolSource="c:\program files (x86)\arcgis\desktop10.1\ArcToolbox\Toolboxes\Data Management Tools.tbx\CalculateField" Date="20130923" Time="135041">CalculateField USA_Counties_3141_combined_name CntyStName "!Cnty_Name! + ', ' + !State_Name!" PYTHON_9.3 #</Process></lineage><itemProps><itemName Sync="TRUE">USA_Counties_3141_combined_name</itemName><imsContentType Sync="TRUE">002</imsContentType><itemLocation><linkage Sync="TRUE">file://\\omni\btp\srab\gis\Projects\ArcGIS_Server\Public_Demographics\Shapefiles\USA_Counties_3141_combined_name.shp</linkage><protocol Sync="TRUE">Local Area Network</protocol></itemLocation><itemSize Sync="TRUE">0.000</itemSize></itemProps><coordRef><type Sync="TRUE">Projected</type><geogcsn Sync="TRUE">GCS_North_American_1983</geogcsn><csUnits Sync="TRUE">Linear Unit: Meter (1.000000)</csUnits><projcsn Sync="TRUE">NAD_1983_Albers</projcsn><peXml Sync="TRUE">&lt;ProjectedCoordinateSystem xsi:type='typens:ProjectedCoordinateSystem' xmlns:xsi='http://www.w3.org/2001/XMLSchema-instance' xmlns:xs='http://www.w3.org/2001/XMLSchema' xmlns:typens='http://www.esri.com/schemas/ArcGIS/10.3'&gt;&lt;WKT&gt;PROJCS[&amp;quot;NAD_1983_Albers&amp;quot;,GEOGCS[&amp;quot;GCS_North_American_1983&amp;quot;,DATUM[&amp;quot;D_North_American_1983&amp;quot;,SPHEROID[&amp;quot;GRS_1980&amp;quot;,6378137.0,298.257222101]],PRIMEM[&amp;quot;Greenwich&amp;quot;,0.0],UNIT[&amp;quot;Degree&amp;quot;,0.0174532925199433]],PROJECTION[&amp;quot;Albers&amp;quot;],PARAMETER[&amp;quot;False_Easting&amp;quot;,0.0],PARAMETER[&amp;quot;False_Northing&amp;quot;,0.0],PARAMETER[&amp;quot;Central_Meridian&amp;quot;,-96.0],PARAMETER[&amp;quot;Standard_Parallel_1&amp;quot;,29.5],PARAMETER[&amp;quot;Standard_Parallel_2&amp;quot;,45.5],PARAMETER[&amp;quot;Latitude_Of_Origin&amp;quot;,37.5],UNIT[&amp;quot;Meter&amp;quot;,1.0]]&lt;/WKT&gt;&lt;XOrigin&gt;-16901100&lt;/XOrigin&gt;&lt;YOrigin&gt;-8579000&lt;/YOrigin&gt;&lt;XYScale&gt;266467840.99085236&lt;/XYScale&gt;&lt;ZOrigin&gt;-100000&lt;/ZOrigin&gt;&lt;ZScale&gt;10000&lt;/ZScale&gt;&lt;MOrigin&gt;-100000&lt;/MOrigin&gt;&lt;MScale&gt;10000&lt;/MScale&gt;&lt;XYTolerance&gt;0.001&lt;/XYTolerance&gt;&lt;ZTolerance&gt;0.001&lt;/ZTolerance&gt;&lt;MTolerance&gt;0.001&lt;/MTolerance&gt;&lt;HighPrecision&gt;true&lt;/HighPrecision&gt;&lt;/ProjectedCoordinateSystem&gt;</peXml></coordRef></DataProperties><SyncDate>20150701</SyncDate><SyncTime>20495400</SyncTime><ModDate>20150701</ModDate><ModTime>20495400</ModTime></Esri><dataIdInfo><envirDesc Sync="TRUE">Microsoft Windows 7 Version 6.1 (Build 7601) Service Pack 1; Esri ArcGIS 10.3.0.4322</envirDesc><dataLang><languageCode value="eng" Sync="TRUE"></languageCode><countryCode value="USA" Sync="TRUE"></countryCode></dataLang><idCitation><resTitle Sync="TRUE">USA_Counties_3141_combined_name</resTitle><presForm><PresFormCd value="005" Sync="TRUE"></PresFormCd></presForm></idCitation><spatRpType><SpatRepTypCd value="001" Sync="TRUE"></SpatRepTypCd></spatRpType></dataIdInfo><mdLang><languageCode value="eng" Sync="TRUE"></languageCode><countryCode value="USA" Sync="TRUE"></countryCode></mdLang><distInfo><distFormat><formatName Sync="TRUE">Shapefile</formatName></distFormat><distTranOps><transSize Sync="TRUE">0.000</transSize></distTranOps></distInfo><mdHrLv><ScopeCd value="005" Sync="TRUE"></ScopeCd></mdHrLv><mdHrLvName Sync="TRUE">dataset</mdHrLvName><refSysInfo><RefSystem><refSysID><identCode code="0" Sync="TRUE"></identCode></refSysID></RefSystem></refSysInfo><spatRepInfo><VectSpatRep><geometObjs Name="USA_Counties_3141_combined_name"><geoObjTyp><GeoObjTypCd value="002" Sync="TRUE"></GeoObjTypCd></geoObjTyp><geoObjCnt Sync="TRUE">0</geoObjCnt></geometObjs><topLvl><TopoLevCd value="001" Sync="TRUE"></TopoLevCd></topLvl></VectSpatRep></spatRepInfo><spdoinfo><ptvctinf><esriterm Name="USA_Counties_3141_combined_name"><efeatyp Sync="TRUE">Simple</efeatyp><efeageom code="4" Sync="TRUE"></efeageom><esritopo Sync="TRUE">FALSE</esritopo><efeacnt Sync="TRUE">0</efeacnt><spindex Sync="TRUE">FALSE</spindex><linrefer Sync="TRUE">FALSE</linrefer></esriterm></ptvctinf></spdoinfo><eainfo><detailed Name="USA_Counties_3141_combined_name"><enttyp><enttypl Sync="TRUE">USA_Counties_3141_combined_name</enttypl><enttypt Sync="TRUE">Feature Class</enttypt><enttypc Sync="TRUE">0</enttypc></enttyp><attr><attrlabl Sync="TRUE">FID</attrlabl><attalias Sync="TRUE">FID</attalias><attrtype Sync="TRUE">OID</attrtype><attwidth Sync="TRUE">4</attwidth><atprecis Sync="TRUE">0</atprecis><attscale Sync="TRUE">0</attscale><attrdef Sync="TRUE">Internal feature number.</attrdef><attrdefs Sync="TRUE">Esri</attrdefs><attrdomv><udom Sync="TRUE">Sequential unique whole numbers that are automatically generated.</udom></attrdomv></attr><attr><attrlabl Sync="TRUE">Shape</attrlabl><attalias Sync="TRUE">Shape</attalias><attrtype Sync="TRUE">Geometry</attrtype><attwidth Sync="TRUE">0</attwidth><atprecis Sync="TRUE">0</atprecis><attscale Sync="TRUE">0</attscale><attrdef Sync="TRUE">Feature geometry.</attrdef><attrdefs Sync="TRUE">Esri</attrdefs><attrdomv><udom Sync="TRUE">Coordinates defining the features.</udom></attrdomv></attr><attr><attrlabl Sync="TRUE">FIPS</attrlabl><attalias Sync="TRUE">FIPS</attalias><attrtype Sync="TRUE">String</attrtype><attwidth Sync="TRUE">5</attwidth><atprecis Sync="TRUE">0</atprecis><attscale Sync="TRUE">0</attscale></attr><attr><attrlabl Sync="TRUE">FIPSN</attrlabl><attalias Sync="TRUE">FIPSN</attalias><attrtype Sync="TRUE">Integer</attrtype><attwidth Sync="TRUE">10</attwidth><atprecis Sync="TRUE">10</atprecis><attscale Sync="TRUE">0</attscale></attr><attr><attrlabl Sync="TRUE">StateFIPS</attrlabl><attalias Sync="TRUE">StateFIPS</attalias><attrtype Sync="TRUE">Double</attrtype><attwidth Sync="TRUE">19</attwidth><atprecis Sync="TRUE">0</atprecis><attscale Sync="TRUE">0</attscale></attr><attr><attrlabl Sync="TRUE">Shape_Leng</attrlabl><attalias Sync="TRUE">Shape_Leng</attalias><attrtype Sync="TRUE">Double</attrtype><attwidth Sync="TRUE">19</attwidth><atprecis Sync="TRUE">0</atprecis><attscale Sync="TRUE">0</attscale></attr><attr><attrlabl Sync="TRUE">Shape_Area</attrlabl><attalias Sync="TRUE">Shape_Area</attalias><attrtype Sync="TRUE">Double</attrtype><attwidth Sync="TRUE">19</attwidth><atprecis Sync="TRUE">0</atprecis><attscale Sync="TRUE">0</attscale><attrdef Sync="TRUE">Area of feature in internal units squared.</attrdef><attrdefs Sync="TRUE">Esri</attrdefs><attrdomv><udom Sync="TRUE">Positive real numbers that are automatically generated.</udom></attrdomv></attr><attr><attrlabl Sync="TRUE">CntyStName</attrlabl><attalias Sync="TRUE">CntyStName</attalias><attrtype Sync="TRUE">String</attrtype><attwidth Sync="TRUE">200</attwidth><atprecis Sync="TRUE">0</atprecis><attscale Sync="TRUE">0</attscale></attr></detailed></eainfo><mdDateSt Sync="TRUE">20150701</mdDateSt></metadata>
